dataset,E,A,p,silhouette_score,davies_bouldin_score,calinski_harabasz_score,n_clusters_found,method,inertia,error,combination
Wine,Euclidean,Mean,,0.2848589191898987,1.3891879777181646,70.94000800315123,3,Standard_KMeans,1277.9284888446418,,Standard_KMeans
Wine,E_LK,A2,0.1,0.2147279653630274,0.7269056145421718,105.28697747907745,3,Fuzzy_Equivalence,,,E_LK_A2_p0.1
Wine,E_LK,A2,1.0,0.2146301383407238,1.066156536159711,105.37390150122414,3,Fuzzy_Equivalence,,,E_LK_A2_p1.0
Wine,E_LK,A2,4.0,0.0,inf,0.0,0,Fuzzy_Equivalence,,index 2 is out of bounds for axis 1 with size 2,E_LK_A2_p4.0
Wine,E_LK,A3,,0.13612055850150556,1.2594678647934976,87.04657380940134,3,Fuzzy_Equivalence,,,E_LK_A3
Wine,E_LK,A4,,0.0539116152543257,0.710011913551963,237.57593409166546,3,Fuzzy_Equivalence,,,E_LK_A4
Wine,E_GG,A2,0.1,0.0,inf,0.0,1,Fuzzy_Equivalence,,,E_GG_A2_p0.1
Wine,E_GG,A2,1.0,0.1666707747176908,1.681113368837835,80.34541556588513,3,Fuzzy_Equivalence,,,E_GG_A2_p1.0
Wine,E_GG,A2,4.0,0.09400584236223379,1.7773263101859502,82.40824072816407,3,Fuzzy_Equivalence,,,E_GG_A2_p4.0
Wine,E_GG,A3,,0.0,inf,0.0,1,Fuzzy_Equivalence,,,E_GG_A3
Wine,E_GG,A4,,0.4362931988384579,0.22519225970423187,167.05809603767173,3,Fuzzy_Equivalence,,,E_GG_A4
Wine,E_GD,A2,0.1,0.0,inf,0.0,1,Fuzzy_Equivalence,,,E_GD_A2_p0.1
Wine,E_GD,A2,1.0,0.10883530576847479,1.9629111980286893,89.12095215959769,3,Fuzzy_Equivalence,,,E_GD_A2_p1.0
Wine,E_GD,A2,4.0,0.09487658345920676,2.144873427056283,111.25848950500428,3,Fuzzy_Equivalence,,,E_GD_A2_p4.0
Wine,E_GD,A3,,0.0,inf,0.0,1,Fuzzy_Equivalence,,,E_GD_A3
Wine,E_GD,A4,,0.22850695618883474,1.5506833974854857,194.37826163427334,3,Fuzzy_Equivalence,,,E_GD_A4
Wine,E_FD,A2,0.1,0.14914850652707873,0.848762149702106,109.16068417729387,3,Fuzzy_Equivalence,,,E_FD_A2_p0.1
Wine,E_FD,A2,1.0,0.1377037878257641,1.3840846834890554,115.16058962815288,3,Fuzzy_Equivalence,,,E_FD_A2_p1.0
Wine,E_FD,A2,4.0,0.1310110469231675,1.9117852668964883,131.04138157124947,3,Fuzzy_Equivalence,,,E_FD_A2_p4.0
Wine,E_FD,A3,,0.10504443155359758,1.391872780596645,80.49294495476835,3,Fuzzy_Equivalence,,,E_FD_A3
Wine,E_FD,A4,,0.34225940312552455,22.72893065975507,328.9405046670332,3,Fuzzy_Equivalence,,,E_FD_A4
Wine,E_LK_R,A2,0.1,0.16617271797974414,1.1382048758609964,100.33761048024098,3,Fuzzy_Equivalence,,,E_LK_R_A2_p0.1
Wine,E_LK_R,A2,1.0,0.18021277232600796,1.3400475502450309,103.67066361213686,3,Fuzzy_Equivalence,,,E_LK_R_A2_p1.0
Wine,E_LK_R,A2,4.0,0.18016384338696578,1.4363064043030995,106.23345365254997,3,Fuzzy_Equivalence,,,E_LK_R_A2_p4.0
Wine,E_LK_R,A3,,0.06480703816885702,1.7045584731745924,87.98939319551235,3,Fuzzy_Equivalence,,,E_LK_R_A3
Wine,E_LK_R,A4,,0.0553919595200707,0.7283531863332905,231.75728971644665,3,Fuzzy_Equivalence,,,E_LK_R_A4
Wine,E_GG_R,A2,0.1,0.0,inf,0.0,0,Fuzzy_Equivalence,,Unknown fuzzy equivalence function: E_GG_R,E_GG_R_A2_p0.1
Wine,E_GG_R,A2,1.0,0.0,inf,0.0,0,Fuzzy_Equivalence,,Unknown fuzzy equivalence function: E_GG_R,E_GG_R_A2_p1.0
Wine,E_GG_R,A2,4.0,0.0,inf,0.0,0,Fuzzy_Equivalence,,Unknown fuzzy equivalence function: E_GG_R,E_GG_R_A2_p4.0
Wine,E_GG_R,A3,,0.0,inf,0.0,0,Fuzzy_Equivalence,,Unknown fuzzy equivalence function: E_GG_R,E_GG_R_A3
Wine,E_GG_R,A4,,0.0,inf,0.0,0,Fuzzy_Equivalence,,Unknown fuzzy equivalence function: E_GG_R,E_GG_R_A4
Wine,E_GD_R,A2,0.1,0.0,inf,0.0,1,Fuzzy_Equivalence,,,E_GD_R_A2_p0.1
Wine,E_GD_R,A2,1.0,0.29526305333703234,1.5367200898831797,78.0075316545706,3,Fuzzy_Equivalence,,,E_GD_R_A2_p1.0
Wine,E_GD_R,A2,4.0,0.13214581133639652,1.963155855422352,111.44670587638149,3,Fuzzy_Equivalence,,,E_GD_R_A2_p4.0
Wine,E_GD_R,A3,,0.0,inf,0.0,1,Fuzzy_Equivalence,,,E_GD_R_A3
Wine,E_GD_R,A4,,0.31082000944167354,1.6571793619652064,317.428293296997,3,Fuzzy_Equivalence,,,E_GD_R_A4
Wine,E_FD_R,A2,0.1,0.20862491395230126,0.8207200813562685,115.85316308770327,3,Fuzzy_Equivalence,,,E_FD_R_A2_p0.1
Wine,E_FD_R,A2,1.0,0.19626053343646133,1.3456761704673526,128.77911937205258,3,Fuzzy_Equivalence,,,E_FD_R_A2_p1.0
Wine,E_FD_R,A2,4.0,0.18044300697992627,1.7976300754816208,155.2306369842829,3,Fuzzy_Equivalence,,,E_FD_R_A2_p4.0
Wine,E_FD_R,A3,,0.09398313010854538,1.5986685389628452,79.67990573140669,3,Fuzzy_Equivalence,,,E_FD_R_A3
Wine,E_FD_R,A4,,0.45865192154588447,592.7668176319274,791.6830239057322,3,Fuzzy_Equivalence,,,E_FD_R_A4
Wine,E_3,A2,0.1,0.0,inf,0.0,1,Fuzzy_Equivalence,,,E_3_A2_p0.1
Wine,E_3,A2,1.0,0.29871098092168985,1.4049098811249303,76.13949026547317,3,Fuzzy_Equivalence,,,E_3_A2_p1.0
Wine,E_3,A2,4.0,0.17235483922892025,1.3911702259884482,92.41304204623978,3,Fuzzy_Equivalence,,,E_3_A2_p4.0
Wine,E_3,A3,,0.0,inf,0.0,1,Fuzzy_Equivalence,,,E_3_A3
Wine,E_3,A4,,0.4530324163223792,0.18231031803740638,184.6448674980988,3,Fuzzy_Equivalence,,,E_3_A4
Wine,E_4,A2,0.1,0.0,inf,0.0,1,Fuzzy_Equivalence,,,E_4_A2_p0.1
Wine,E_4,A2,1.0,0.0,inf,0.0,0,Fuzzy_Equivalence,,index 2 is out of bounds for axis 0 with size 2,E_4_A2_p1.0
Wine,E_4,A2,4.0,0.02842163437429156,1.4733801301643725,112.43365149486628,3,Fuzzy_Equivalence,,,E_4_A2_p4.0
Wine,E_4,A3,,0.0,inf,0.0,1,Fuzzy_Equivalence,,,E_4_A3
Wine,E_4,A4,,0.5609115982003696,0.045643944541963875,495.9019212951644,3,Fuzzy_Equivalence,,,E_4_A4
Wine,E_5,A2,0.1,0.0,inf,0.0,1,Fuzzy_Equivalence,,,E_5_A2_p0.1
Wine,E_5,A2,1.0,0.12149976763760878,1.8161551256235706,83.29782017172309,3,Fuzzy_Equivalence,,,E_5_A2_p1.0
Wine,E_5,A2,4.0,0.020513823782149512,2.4243868953261174,111.2084303496075,3,Fuzzy_Equivalence,,,E_5_A2_p4.0
Wine,E_5,A3,,0.0,inf,0.0,1,Fuzzy_Equivalence,,,E_5_A3
Wine,E_5,A4,,0.4489831776873908,0.19995065614765936,177.64864366386556,3,Fuzzy_Equivalence,,,E_5_A4
Wine,E_6,A2,0.1,0.17777286476067122,1.0156771817557602,99.13804507167713,3,Fuzzy_Equivalence,,,E_6_A2_p0.1
Wine,E_6,A2,1.0,0.17817697119895454,1.296189398598272,102.71497079193047,3,Fuzzy_Equivalence,,,E_6_A2_p1.0
Wine,E_6,A2,4.0,0.0,inf,0.0,0,Fuzzy_Equivalence,,index 2 is out of bounds for axis 1 with size 2,E_6_A2_p4.0
Wine,E_6,A3,,0.08356817201457677,1.5355425978065478,87.64301821282572,3,Fuzzy_Equivalence,,,E_6_A3
Wine,E_6,A4,,0.05606129542975497,0.7421145015036665,227.54337594024398,3,Fuzzy_Equivalence,,,E_6_A4
